Measure,Count,sum,Mean,Min,Max,Range,Variance,Std. Dev
NOODLES,30.0,149.0,4.966666666666668,1.0,9.0,8.0,4.033333333333333,2.008316044185609
SHRIMP,30.0,112.0,3.7333333333333334,0.0,8.0,8.0,2.960919540229885,1.7207322686083053
PORK,30.0,108.0,3.5999999999999996,1.0,11.0,10.0,4.317241379310345,2.0777972421076956
CHICKEN,30.0,93.0,3.1000000000000005,1.0,5.0,4.0,1.6793103448275863,1.295882072114429
MUSHROOMS,30.0,84.0,2.8000000000000003,1.0,7.0,6.0,2.096551724137931,1.4479474176011817
SOY_SAUCE,30.0,82.0,2.7333333333333334,0.0,6.0,6.0,3.1678160919540224,1.7798359733284477
GINGER,30.0,35.0,1.1666666666666667,0.0,4.0,4.0,1.3160919540229887,1.1472105098991157
GREEN_ONION,30.0,29.0,0.9666666666666667,0.0,4.0,4.0,0.9298850574712643,0.9643054793328016
