Measure,Count,sum,Mean,Min,Max,Range,Variance,Std. Dev
Protein Action,30.0,303.0,10.1,5.0,16.0,11.0,6.093103448275861,2.4684212461157964
Ingredient Action,30.0,299.0,9.966666666666669,3.0,14.0,11.0,7.274712643678158,2.6971675223608487
End of Turn,30.0,90.0,3.0000000000000004,0.0,10.0,10.0,6.689655172413793,2.58643677139299
