Measure,Count,sum,Mean,Min,Max,Range,Variance,Std. Dev
NOODLES,30.0,166.0,5.533333333333333,2.0,13.0,11.0,5.291954022988506,2.3004247483863725
CHICKEN,30.0,109.0,3.633333333333334,1.0,8.0,7.0,3.4816091954022976,1.8659070704090002
SOY_SAUCE,30.0,100.0,3.3333333333333335,0.0,9.0,9.0,3.6091954022988504,1.899788251963584
SHRIMP,30.0,97.0,3.233333333333333,0.0,7.0,7.0,3.7712643678160918,1.9419743478779765
MUSHROOMS,30.0,91.0,3.033333333333334,0.0,8.0,8.0,3.619540229885057,1.9025089303036287
PORK,30.0,87.0,2.9000000000000004,0.0,6.0,6.0,2.7827586206896546,1.6681602503026065
GINGER,30.0,41.0,1.366666666666667,0.0,5.0,5.0,1.34367816091954,1.1591713250937241
GREEN_ONION,30.0,34.0,1.1333333333333335,0.0,3.0,3.0,1.0160919540229885,1.0080138659874618
