Measure,Count,sum,Mean,Min,Max,Range,Variance,Std. Dev
Ingredient Action,30.0,314.0,10.466666666666661,6.0,20.0,14.0,10.395402298850575,3.224190177215137
Protein Action,30.0,284.0,9.466666666666667,4.0,14.0,10.0,6.60229885057471,2.5694938899664095
End of Turn,30.0,127.0,4.2333333333333325,0.0,16.0,16.0,12.322988505747126,3.5104114439403147
