Measure,Value
Count,3635.0
sum,6127.0
Mean,1.685557083906464
Min,1.0
Max,8.0
Range,7.0
Variance,0.9740208439474656
Std. Dev,0.9869249434214669
