Measure,Value
Count,3632.0
sum,5897.0
Mean,1.6236233480176183
Min,1.0
Max,7.0
Range,6.0
Variance,0.8142366060975182
Std. Dev,0.9023506004306299
