Measure,Value
Count,4012.0
sum,6547.0
Mean,1.6318544366899317
Min,1.0
Max,7.0
Range,6.0
Variance,0.8858760914961411
Std. Dev,0.9412099083074621
