Measure,Value
Count,4314.0
sum,7630.0
Mean,1.768660176170611
Min,1.0
Max,8.0
Range,7.0
Variance,1.2207565165356515
Std. Dev,1.1048785075906091
