Measure,Value
Count,30.0
sum,1225.0
Mean,40.83333333333333
Min,17.0
Max,62.0
Range,45.0
Variance,144.62643678160921
Std. Dev,12.02607320706178
