Measure,Value
Count,30.0
sum,1196.0
Mean,39.86666666666667
Min,24.0
Max,57.0
Range,33.0
Variance,75.70574712643682
Std. Dev,8.700904960200221
