Measure,Value
Count,30.0
sum,1194.0
Mean,39.8
Min,19.0
Max,58.0
Range,39.0
Variance,137.26896551724133
Std. Dev,11.716183914451042
