Measure,Value
Count,30.0
sum,1215.0
Mean,40.50000000000001
Min,17.0
Max,63.0
Range,46.0
Variance,124.05172413793103
Std. Dev,11.137850965869989
