Measure,Value
Count,30.0
sum,1208.0
Mean,40.26666666666666
Min,20.0
Max,58.0
Range,38.0
Variance,124.54712643678157
Std. Dev,11.160068388535151
