Measure,Value
Count,30.0
sum,1060.0
Mean,35.333333333333336
Min,10.0
Max,59.0
Range,49.0
Variance,159.33333333333334
Std. Dev,12.622730819174325
