Measure,Value
Count,30.0
sum,1164.0
Mean,38.79999999999998
Min,16.0
Max,61.0
Range,45.0
Variance,178.44137931034481
Std. Dev,13.358195211567498
