Measure,Value
Count,30.0
sum,1418.0
Mean,47.26666666666666
Min,29.0
Max,65.0
Range,36.0
Variance,74.89195402298853
Std. Dev,8.654013752183927
