Measure,Value
Count,30.0
sum,1221.0
Mean,40.699999999999996
Min,15.0
Max,58.0
Range,43.0
Variance,98.28620689655172
Std. Dev,9.913940028896267
