Measure,Value
Count,30.0
sum,1266.0
Mean,42.199999999999996
Min,21.0
Max,56.0
Range,35.0
Variance,85.1310344827586
Std. Dev,9.226648063232854
