Measure,Value
Count,30.0
sum,1297.0
Mean,43.23333333333334
Min,28.0
Max,61.0
Range,33.0
Variance,85.08160919540232
Std. Dev,9.223969275501862
