Measure,Value
Count,30.0
sum,1318.0
Mean,43.933333333333344
Min,22.0
Max,61.0
Range,39.0
Variance,138.064367816092
Std. Dev,11.75007948126701
