Measure,Value
Count,30.0
sum,1091.0
Mean,36.36666666666666
Min,18.0
Max,60.0
Range,42.0
Variance,138.65402298850574
Std. Dev,11.77514428737524
