Measure,Value
Count,30.0
sum,1218.0
Mean,40.599999999999994
Min,15.0
Max,63.0
Range,48.0
Variance,112.73103448275859
Std. Dev,10.617487201911693
