Measure,Value
Count,30.0
sum,1208.0
Mean,40.26666666666667
Min,19.0
Max,56.0
Range,37.0
Variance,70.06436781609194
Std. Dev,8.370446094210985
