Measure,Value
Count,30.0
sum,1332.0
Mean,44.400000000000006
Min,19.0
Max,65.0
Range,46.0
Variance,144.04137931034478
Std. Dev,12.001724014088342
