Measure,Value
Count,30.0
sum,1211.0
Mean,40.366666666666674
Min,15.0
Max,61.0
Range,46.0
Variance,141.06781609195403
Std. Dev,11.877197316368623
