Measure,Value
Count,30.0
sum,1292.0
Mean,43.06666666666668
Min,15.0
Max,61.0
Range,46.0
Variance,128.34022988505748
Std. Dev,11.3287346992088
