Measure,Value
Count,30.0
sum,1133.0
Mean,37.76666666666668
Min,19.0
Max,58.0
Range,39.0
Variance,96.18505747126437
Std. Dev,9.807398098948791
