Measure,Value
Count,30.0
sum,1282.0
Mean,42.73333333333334
Min,24.0
Max,58.0
Range,34.0
Variance,91.99540229885059
Std. Dev,9.59142337189067
