Measure,Value
Count,30.0
sum,3908.0
Mean,130.26666666666668
Min,90.0
Max,173.0
Range,83.0
Variance,423.78850574712635
Std. Dev,20.58612410695919
