Measure,Value
Count,30.0
sum,12.394934897174286
Mean,0.4131644965724761
Min,0.3472222222222222
Max,0.48598130841121495
Range,0.13875908618899274
Variance,0.0014041252139016668
Std. Dev,0.037471658809047494
