Measure,Value
Count,30.0
sum,3613.0
Mean,120.43333333333332
Min,70.0
Max,160.0
Range,90.0
Variance,561.4954022988505
Std. Dev,23.695894207622775
