Measure,Value
Count,30.0
sum,12.041012493093477
Mean,0.4013670831031159
Min,0.29931972789115646
Max,0.4796747967479675
Range,0.18035506885681102
Variance,0.0019640776777055968
Std. Dev,0.044317915990100404
