Measure,Value
Count,30.0
sum,3538.0
Mean,117.93333333333332
Min,76.0
Max,155.0
Range,79.0
Variance,424.34022988505745
Std. Dev,20.599520137252163
