Measure,Value
Count,30.0
sum,1490.0
Mean,49.66666666666666
Min,30.0
Max,78.0
Range,48.0
Variance,125.05747126436779
Std. Dev,11.182909785219936
