Measure,Value
Count,30.0
sum,12.056547720258417
Mean,0.401884924008614
Min,0.3103448275862069
Max,0.5131578947368421
Range,0.20281306715063524
Variance,0.0023003210141813624
Std. Dev,0.04796166192055236
