Measure,Value
Count,30.0
sum,4222.0
Mean,140.73333333333332
Min,76.0
Max,172.0
Range,96.0
Variance,393.2367816091955
Std. Dev,19.830198728434254
