Measure,Value
Count,30.0
sum,3529.0
Mean,117.63333333333334
Min,61.0
Max,157.0
Range,96.0
Variance,525.7574712643678
Std. Dev,22.929401895042265
