Measure,Value
Count,30.0
sum,1497.0
Mean,49.900000000000006
Min,29.0
Max,68.0
Range,39.0
Variance,96.6448275862069
Std. Dev,9.830810118510422
