Measure,Value
Count,30.0
sum,1458.0
Mean,48.6
Min,32.0
Max,74.0
Range,42.0
Variance,104.59310344827584
Std. Dev,10.227076974789808
