Measure,Value
Count,30.0
sum,11.773306176877346
Mean,0.39244353922924485
Min,0.325
Max,0.4731182795698925
Range,0.14811827956989249
Variance,0.0015767004104351174
Std. Dev,0.03970768704464058
