Measure,Value
Count,30.0
sum,12.72168970916282
Mean,0.4240563236387606
Min,0.3416666666666667
Max,0.5125
Range,0.17083333333333328
Variance,0.0018191608775435968
Std. Dev,0.0426516222146778
