Measure,Value
Count,30.0
sum,1565.0
Mean,52.16666666666667
Min,37.0
Max,70.0
Range,33.0
Variance,62.212643678160916
Std. Dev,7.88749920305295
