Measure,Value
Count,30.0
sum,1824.0
Mean,60.800000000000004
Min,41.0
Max,74.0
Range,33.0
Variance,84.44137931034484
Std. Dev,9.189199057063941
