Measure,Value
Count,4012.0
sum,4.408300000000053
Mean,0.0010987786640079761
Min,0.0
Max,0.0725
Range,0.0725
Variance,3.118714538881493E-6
Std. Dev,0.0017659882612524617
