Measure,Value
Count,3632.0
sum,3.944800000000038
Mean,0.0010861233480176224
Min,0.0
Max,0.0338
Range,0.0338
Variance,1.847259877923464E-6
Std. Dev,0.001359139388702816
