Measure,Value
Count,3632.0
sum,99.05810000000268
Mean,0.027273705947136555
Min,1.0E-4
Max,8.3367
Range,8.3366
Variance,0.10058991232688455
Std. Dev,0.31715912776851396
