Measure,Value
Count,4012.0
sum,5918.0
Mean,1.4750747756729832
Min,0.0
Max,3.0
Range,3.0
Variance,1.2267532978228122
Std. Dev,1.10758895706973
