Measure,Value
Count,3632.0
sum,20.26559999999969
Mean,0.005579735682819373
Min,0.003
Max,0.231
Range,0.228
Variance,5.191858125757517E-5
Std. Dev,0.007205454965342242
