Measure,Value
Count,3635.0
sum,5461.0
Mean,1.502338376891339
Min,0.0
Max,3.0
Range,3.0
Variance,1.2390561705548777
Std. Dev,1.1131289999613152
