Measure,Value
Count,4314.0
sum,16.238499999999764
Mean,0.0037641400092721542
Min,1.0E-4
Max,3.5543
Range,3.5542
Variance,0.0030316382848271394
Std. Dev,0.05506031497210254
