Measure,Value
Count,3715.0
sum,21.426899999999883
Mean,0.005767671601615067
Min,0.0032
Max,0.2094
Range,0.2062
Variance,4.343935577796265E-5
Std. Dev,0.0065908539490693195
