Measure,Value
Count,4314.0
sum,168724.04970000056
Mean,39.11081356050066
Min,0.0
Max,50.3457
Range,50.3457
Variance,7.737071682503318
Std. Dev,2.781559217867439
