Measure,Value
Count,3635.0
sum,22.674999999999997
Mean,0.006237964236588725
Min,0.0033
Max,0.1973
Range,0.194
Variance,5.4450567125853395E-5
Std. Dev,0.007379062753890456
