Measure,Value
Count,3635.0
sum,142707.21750000084
Mean,39.259207015130656
Min,0.0
Max,49.0081
Range,49.0081
Variance,4.358263380971683
Std. Dev,2.0876454155271875
