Measure,Value
Count,3715.0
sum,4.420900000000075
Mean,0.0011900134589501977
Min,0.0
Max,0.2305
Range,0.2305
Variance,1.6970473747799476E-5
Std. Dev,0.0041195234855259015
