Measure,Value
Count,3632.0
sum,142730.31019999954
Mean,39.29799289647592
Min,0.0
Max,47.0308
Range,47.0308
Variance,3.3580562136151917
Std. Dev,1.832499990072358
