Measure,Value
Count,4012.0
sum,157815.2276999994
Mean,39.335799526420814
Min,0.0
Max,54.5077
Range,54.5077
Variance,3.6683188040661068
Std. Dev,1.9152855672369347
