Measure,Value
Count,4012.0
sum,23.23439999999987
Mean,0.005791226321036899
Min,0.0032
Max,0.3452
Range,0.342
Variance,8.357462756581935E-5
Std. Dev,0.009141915967991576
