Measure,Value
Count,3715.0
sum,145477.61050000027
Mean,39.15951830417238
Min,0.0
Max,47.0916
Range,47.0916
Variance,6.338914648178609
Std. Dev,2.5177201290410753
