Measure,Value
Count,3632.0
sum,5322.0
Mean,1.4653083700440546
Min,0.0
Max,3.0
Range,3.0
Variance,1.2590550412078083
Std. Dev,1.1220762189832776
