Measure,Value
Count,3635.0
sum,85.48120000000114
Mean,0.02351614855570844
Min,1.0E-4
Max,8.2105
Range,8.2104
Variance,0.07483393257074294
Std. Dev,0.2735579144728643
