Measure,Value
Count,3635.0
sum,4.739200000000043
Mean,0.0013037689133425007
Min,0.0
Max,0.1739
Range,0.1739
Variance,1.0906058988961756E-5
Std. Dev,0.0033024322837814186
