Measure,Value
Count,3715.0
sum,86.26740000000255
Mean,0.023221372812920592
Min,1.0E-4
Max,7.6963
Range,7.6962
Variance,0.09151491741060801
Std. Dev,0.30251432595929734
