Measure,Value
Count,4012.0
sum,93.04770000000255
Mean,0.023192347956131624
Min,1.0E-4
Max,8.3136
Range,8.3135
Variance,0.10811076604215467
Std. Dev,0.3288020164812781
