Measure,Value
Count,3715.0
sum,5485.0
Mean,1.476446837146703
Min,0.0
Max,3.0
Range,3.0
Variance,1.2290492994750526
Std. Dev,1.1086249588905406
