Measure,Value
Count,4314.0
sum,6383.0
Mean,1.479601298099209
Min,0.0
Max,3.0
Range,3.0
Variance,1.2336436156347639
Std. Dev,1.110695104713604
