Measure,Value
Count,4314.0
sum,81.89060000000046
Mean,0.0189825220213259
Min,0.0044
Max,0.4421
Range,0.4377
Variance,4.567752474287984E-4
Std. Dev,0.021372300939037855
