Measure,Value
Count,4314.0
sum,106.78069999999899
Mean,0.024752132591562327
Min,2.0E-4
Max,12.7984
Range,12.798200000000001
Variance,0.07637388534787398
Std. Dev,0.2763582554364425
