Measure,Count,sum,Mean,Min,Max,Range,Variance,Std. Dev
mcts,30.0,3632.0,121.06666666666668,80.0,158.0,78.0,415.4436781609194,20.38243553064548
