Measure,Count,sum,Mean,Min,Max,Range,Variance,Std. Dev
mcts,30.0,3715.0,123.83333333333334,74.0,163.0,89.0,555.5919540229884,23.57099815499947
