Measure,Count,sum,Mean,Min,Max,Range,Variance,Std. Dev
mcts,30.0,3635.0,121.16666666666667,64.0,161.0,97.0,523.0402298850577,22.870072800169606
