Measure,Count,sum,Mean,Min,Max,Range,Variance,Std. Dev
mcts,30.0,4314.0,143.80000000000004,80.0,176.0,96.0,389.88965517241354,19.74562369671856
