Measure,Count,sum,Mean,Min,Max,Range,Variance,Std. Dev
mcts,30.0,4012.0,133.73333333333335,93.0,176.0,83.0,429.16781609195397,20.716365899741053
