Measure,Count,sum,Mean,Min,Max,Range,Variance,Std. Dev
MUSHROOMS,29.0,29.0,1.0,0.0,5.0,5.0,2.142857142857143,1.4638501094227998
SOY_SAUCE,29.0,24.0,0.8275862068965517,0.0,6.0,6.0,1.4334975369458127,1.1972875748732268
NOODLES,29.0,23.0,0.793103448275862,0.0,4.0,4.0,1.0270935960591132,1.0134562625289327
GINGER,29.0,23.0,0.7931034482758619,0.0,4.0,4.0,1.0270935960591134,1.013456262528933
GREEN_ONION,29.0,19.0,0.6551724137931034,0.0,2.0,2.0,0.5197044334975369,0.7209052874667635
SHRIMP,29.0,4.0,0.13793103448275862,0.0,1.0,1.0,0.12315270935960591,0.3509312031717982
PORK,29.0,3.0,0.10344827586206896,0.0,1.0,1.0,0.09605911330049259,0.3099340466946034
CHICKEN,29.0,2.0,0.06896551724137932,0.0,1.0,1.0,0.0665024630541872,0.25788071477756375
