Measure,Value
Count,3665.0
sum,71301.0
Mean,19.45457025920873
Min,0.0
Max,59.0
Range,59.0
Variance,155.79767629589446
Std. Dev,12.481893938657485
