Measure,Value
Count,4344.0
sum,94768.0
Mean,21.81583793738484
Min,0.0
Max,58.0
Range,58.0
Variance,171.6483238199189
Std. Dev,13.10146265956282
