Measure,Value
Count,4042.0
sum,92513.5
Mean,22.888050470064382
Min,0.0
Max,48.25
Range,48.25
Variance,143.7476720707012
Std. Dev,11.989481726526014
