Measure,Value
Count,3662.0
sum,78930.0
Mean,21.55379574003273
Min,0.0
Max,65.0
Range,65.0
Variance,188.31600716722605
Std. Dev,13.722827958085974
