Measure,Value
Count,3745.0
sum,79730.5
Mean,21.289853137516733
Min,0.0
Max,49.25
Range,49.25
Variance,128.07141143675892
Std. Dev,11.316864028376365
