Measure,Value
Count,3665.0
sum,76672.5
Mean,20.920190995907245
Min,0.0
Max,45.75
Range,45.75
Variance,128.49570984342344
Std. Dev,11.33559481648067
