Measure,Value
Count,4042.0
sum,90761.0
Mean,22.454477981197464
Min,0.0
Max,61.0
Range,61.0
Variance,184.88397029164534
Std. Dev,13.597204502825033
