Measure,Value
Count,3745.0
sum,20802.0
Mean,5.554606141522017
Min,0.0
Max,31.0
Range,31.0
Variance,23.3143918386909
Std. Dev,4.828497886371174
