Measure,Value
Count,4042.0
sum,101988.0
Mean,25.232063334982644
Min,0.0
Max,65.0
Range,65.0
Variance,182.33712561043956
Std. Dev,13.503226488896628
