Measure,Value
Count,3662.0
sum,22319.0
Mean,6.094756963407958
Min,0.0
Max,30.0
Range,30.0
Variance,27.747642538567987
Std. Dev,5.2676031113370705
