Measure,Value
Count,4042.0
sum,84834.0
Mean,20.988124690747174
Min,0.0
Max,63.0
Range,63.0
Variance,173.10503092926388
Std. Dev,13.156938508986954
