Measure,Value
Count,4042.0
sum,18941.0
Mean,4.686046511627902
Min,0.0
Max,25.0
Range,25.0
Variance,16.11348503421323
Std. Dev,4.014160564079772
