Measure,Value
Count,3662.0
sum,78543.0
Mean,21.448115783724766
Min,0.0
Max,57.0
Range,57.0
Variance,177.01601802756284
Std. Dev,13.30473667637067
