Measure,Value
Count,4344.0
sum,93532.0
Mean,21.531307550644513
Min,0.0
Max,58.0
Range,58.0
Variance,188.9366203484021
Std. Dev,13.745421795943626
