Measure,Value
Count,3662.0
sum,78730.75
Mean,21.499385581649374
Min,0.0
Max,48.25
Range,48.25
Variance,135.54170612334318
Std. Dev,11.64223802038694
