Measure,Value
Count,3745.0
sum,73792.0
Mean,19.70413885180245
Min,0.0
Max,60.0
Range,60.0
Variance,156.79705818584324
Std. Dev,12.521863207440147
