Measure,Value
Count,3745.0
sum,81669.0
Mean,21.807476635514018
Min,0.0
Max,58.0
Range,58.0
Variance,173.48936716191346
Std. Dev,13.17153624912119
