Measure,Value
Count,3745.0
sum,76556.0
Mean,20.442189586114786
Min,0.0
Max,61.0
Range,61.0
Variance,172.07524947793652
Std. Dev,13.117745594344195
