Measure,Value
Count,4344.0
sum,91736.25
Mean,21.117921270718266
Min,0.0
Max,46.0
Range,46.0
Variance,129.45378363552226
Std. Dev,11.37777586505914
