Measure,Value
Count,3665.0
sum,77139.0
Mean,21.047476125511608
Min,0.0
Max,62.0
Range,62.0
Variance,186.38147902679077
Std. Dev,13.652160232973783
