Measure,Value
Count,3662.0
sum,82615.0
Mean,22.560076460950317
Min,0.0
Max,61.0
Range,61.0
Variance,161.19155508838844
Std. Dev,12.696123624492179
