Measure,Value
Count,3665.0
sum,77527.0
Mean,21.15334242837651
Min,0.0
Max,63.0
Range,63.0
Variance,153.0065015161713
Std. Dev,12.369579682275841
