Measure,Value
Count,3665.0
sum,22451.0
Mean,6.125784447476122
Min,0.0
Max,30.0
Range,30.0
Variance,27.408027666406497
Std. Dev,5.235267678582108
