Measure,Value
Count,3662.0
sum,74835.0
Mean,20.435554341889645
Min,0.0
Max,58.0
Range,58.0
Variance,190.70371232578142
Std. Dev,13.809551488943493
