Measure,Value
Count,4344.0
sum,24214.0
Mean,5.574125230202595
Min,0.0
Max,29.0
Range,29.0
Variance,22.458699441831588
Std. Dev,4.739061029553385
