Measure,Value
Count,4042.0
sum,92471.0
Mean,22.877535873329954
Min,0.0
Max,56.0
Range,56.0
Variance,166.24310325595084
Std. Dev,12.893529511190907
