Measure,Value
Count,3745.0
sum,86905.0
Mean,23.205607476635517
Min,0.0
Max,61.0
Range,61.0
Variance,165.77288521447392
Std. Dev,12.875281946989507
