Measure,Value
Count,3665.0
sum,80723.0
Mean,22.025375170532023
Min,0.0
Max,61.0
Range,61.0
Variance,172.69941051013663
Std. Dev,13.141514772283164
