Measure,Value
Count,4344.0
sum,83455.0
Mean,19.21155616942911
Min,0.0
Max,58.0
Range,58.0
Variance,138.83457975599723
Std. Dev,11.782808653118204
