Measure,Value
Count,4344.0
sum,95190.0
Mean,21.91298342541438
Min,0.0
Max,56.0
Range,56.0
Variance,165.09627164052648
Std. Dev,12.84897940073555
