Measure,Count,sum,Mean,Min,Max,Range,Variance,Std. Dev
mcts,30.0,4344.0,144.80000000000004,81.0,177.0,96.0,389.88965517241354,19.74562369671856
