Measure,Count,sum,Mean,Min,Max,Range,Variance,Std. Dev
mcts,30.0,3662.0,122.06666666666668,81.0,159.0,78.0,415.4436781609194,20.38243553064548
