Measure,Count,sum,Mean,Min,Max,Range,Variance,Std. Dev
mcts,30.0,3745.0,124.83333333333334,75.0,164.0,89.0,555.5919540229884,23.57099815499947
