Measure,Count,sum,Mean,Min,Max,Range,Variance,Std. Dev
mcts,30.0,3665.0,122.16666666666667,65.0,162.0,97.0,523.0402298850577,22.870072800169606
