Measure,Count,sum,Mean,Min,Max,Range,Variance,Std. Dev
mcts,30.0,4042.0,134.73333333333335,94.0,177.0,83.0,429.167816091954,20.716365899741056
